NetworkHandler.java,MouseEvent.java,_ImgTest.java,EventListener.java,ServerSocketException.java,ImageData.java,Server.java,ClientUI.java,SystemEvent.java,Screen.java,Client.java,ImageTest.java,ServerUI.java,KeyEvent.java,ServerProcess.java,Message.java,JRemoteException.java
0,1,0,1,0,1,0,0,1,0,1,0,0,0,1,1,1
1,0,0,1,0,0,0,0,0,0,1,0,0,0,1,1,0
0,0,0,0,0,1,0,0,0,0,0,0,0,0,0,0,0
1,1,0,0,0,1,0,0,1,0,1,0,0,1,1,0,0
0,0,0,0,0,0,1,0,0,0,0,0,0,0,0,0,1
1,0,1,1,0,0,0,1,0,1,1,1,1,0,1,1,0
0,0,0,0,1,0,0,0,0,0,0,0,1,0,1,0,1
0,0,0,0,0,1,0,0,0,1,1,0,0,0,0,0,0
1,0,0,1,0,0,0,0,0,0,1,0,0,0,1,1,0
0,0,0,0,0,1,0,1,0,0,0,0,1,0,0,0,0
1,1,0,1,0,1,0,1,1,0,0,0,0,1,0,1,0
0,0,0,0,0,1,0,0,0,0,0,0,0,0,0,0,0
0,0,0,0,0,1,1,0,0,1,0,0,0,0,1,0,0
0,0,0,1,0,0,0,0,0,0,1,0,0,0,1,1,0
1,1,0,1,0,1,1,0,1,0,0,0,1,1,0,1,0
1,1,0,0,0,1,0,0,1,0,1,0,0,1,1,0,0
1,0,0,0,1,0,1,0,0,0,0,0,0,0,0,0,0
